Tint_k1,Tint_k2,Tair_k,Tair_k1,Tair_k2,Qrad_k,Qrad_k1,Qrad_k2,Qconv_k,Qconv_k1,Qconv_k2,Qwindow_k,Qwindow_k1,Qwindow_k2,Qsurface_k,Qsurface_k1,Qsurface_k2,Tground_k,Tground_k1,Tground_k2
-0.234023999,1.193115274,-0.010813564,0.005785707,0.016053571,-1.2447E-05,-6.00531E-05,8.15484E-05,-6.59E-06,-0.000164644,0.000206059,-6.89418E-05,4.82E-06,6.88194E-05,1.99E-06,-1.53088E-06,3.42E-08,0.009961004,0.009961004,0.009961004
